threshold,macro_f0_5,macro_precision,macro_recall,singleton_f0_5,non_singleton_f0_5,tp,fp,fn
0.78,0.91713,0.95051,0.86026,0.90491,0.91786,295127,11717,50811
0.8,0.91775,0.95354,0.85368,0.91852,0.91771,292741,9937,53197
0.82,0.91831,0.95619,0.84838,0.92926,0.91767,290796,8438,55142
0.84,0.91894,0.95904,0.8426,0.94216,0.91757,288633,6788,57305
0.85,0.91891,0.9603,0.83918,0.94753,0.91722,287393,6007,58545
0.86,0.91861,0.9612,0.83561,0.95469,0.91647,286081,5343,59857
0.87,0.91786,0.96171,0.83186,0.95989,0.91537,284757,4801,61181
0.88,0.917,0.96219,0.82803,0.96329,0.91426,283339,4277,62599
0.89,0.91586,0.96246,0.82374,0.96777,0.91279,281794,3775,64144
0.9,0.91415,0.96219,0.81902,0.97063,0.91081,280045,3379,65893
0.92,0.91006,0.96175,0.80789,0.97618,0.90615,275953,2533,69985
