threshold,macro_f05,precision,recall,tp,fp,total_fn,reachable_model_fn,variant,formula_train,features,feature_count
0.78,0.91151,0.94412,0.85833,29546,1422,5104,2985,V0_Control,,,
0.8,0.91278,0.94798,0.85153,29302,1196,5348,3229,V0_Control,,,
0.82,0.91379,0.95135,0.84606,29104,1007,5546,3427,V0_Control,,,
0.83,0.91456,0.95317,0.84322,29002,896,5648,3529,V0_Control,,,
0.84,0.91476,0.95472,0.83999,28880,798,5770,3651,V0_Control,,,
0.85,0.91527,0.95665,0.83637,28747,703,5903,3784,V0_Control,Formula 1,Features V2 (42),42.0
0.86,0.91506,0.95772,0.83248,28618,628,6032,3913,V0_Control,,,
0.87,0.91431,0.9584,0.82866,28485,564,6165,4046,V0_Control,,,
0.88,0.91309,0.95873,0.82405,28322,503,6328,4209,V0_Control,,,
0.9,0.91099,0.95929,0.81597,28023,397,6627,4508,V0_Control,,,
0.78,0.91402,0.94849,0.85505,29425,1156,5225,3106,V1_F2_Training,,,
0.8,0.91444,0.95093,0.84916,29214,996,5436,3317,V1_F2_Training,,,
0.82,0.91571,0.95429,0.84373,29020,824,5630,3511,V1_F2_Training,,,
0.83,0.91563,0.95558,0.84041,28898,759,5752,3633,V1_F2_Training,,,
0.84,0.91595,0.9569,0.83826,28814,700,5836,3717,V1_F2_Training,Formula 2,Features V2 (42),42.0
0.85,0.91509,0.95699,0.83475,28698,641,5952,3833,V1_F2_Training,,,
0.86,0.91454,0.95773,0.83139,28573,588,6077,3958,V1_F2_Training,,,
0.87,0.91442,0.95878,0.82856,28468,529,6182,4063,V1_F2_Training,,,
0.88,0.91396,0.95967,0.82497,28341,468,6309,4190,V1_F2_Training,,,
0.9,0.91241,0.96094,0.81677,28036,359,6614,4495,V1_F2_Training,,,
0.78,0.9169,0.95097,0.85777,29524,1116,5126,3007,V2_Tolerant_Numeric,,,
0.8,0.91784,0.95377,0.85275,29341,958,5309,3190,V2_Tolerant_Numeric,,,
0.82,0.91792,0.95585,0.84717,29146,812,5504,3385,V2_Tolerant_Numeric,,,
0.83,0.91815,0.95742,0.84439,29046,743,5604,3485,V2_Tolerant_Numeric,Formula 2,Features V2 + Tolerant Numeric (47),47.0
0.84,0.91803,0.95826,0.84167,28951,669,5699,3580,V2_Tolerant_Numeric,,,
0.85,0.91785,0.95908,0.83909,28860,609,5790,3671,V2_Tolerant_Numeric,,,
0.86,0.91748,0.95962,0.83606,28752,556,5898,3779,V2_Tolerant_Numeric,,,
0.87,0.91712,0.96046,0.83276,28634,510,6016,3897,V2_Tolerant_Numeric,,,
0.88,0.91677,0.96131,0.82954,28508,460,6142,4023,V2_Tolerant_Numeric,,,
0.9,0.91517,0.96252,0.82152,28218,359,6432,4313,V2_Tolerant_Numeric,,,
0.78,0.91455,0.94845,0.85645,29480,1183,5170,3051,V3_Full_V3,,,
0.8,0.91556,0.95156,0.85134,29296,1003,5354,3235,V3_Full_V3,,,
0.82,0.91668,0.95491,0.84616,29113,831,5537,3418,V3_Full_V3,,,
0.83,0.91686,0.95635,0.84318,29003,760,5647,3528,V3_Full_V3,,,
0.84,0.91707,0.95738,0.84105,28917,690,5733,3614,V3_Full_V3,Formula 2,Features V2 + Numeric + Asymmetry (52),52.0
0.85,0.91659,0.95799,0.83784,28806,643,5844,3725,V3_Full_V3,,,
0.86,0.91637,0.95884,0.83471,28689,590,5961,3842,V3_Full_V3,,,
0.87,0.9162,0.95969,0.83174,28583,538,6067,3948,V3_Full_V3,,,
0.88,0.91625,0.96097,0.82886,28478,478,6172,4053,V3_Full_V3,,,
0.9,0.91413,0.9615,0.82063,28173,384,6477,4358,V3_Full_V3,,,
